vote_number,vote_date,vote_Id,result,title,votes_Id
310,11/30/2015,0,Confirmed,"Nomination Gayle Smith, of Ohio, to be Administrator of the United States Agency for International Development",0
309,11/19/2015,1,Confirmed,"Nomination Peter William Bodde, of Maryland, to be Ambassador to Libya",0
308,11/18/2015,2,Agreed to,"Motion to Invoke Cloture on the Motion to Disagree to the House Amendment, Agree to the Request for Conference, and Authorize the Presiding Officer to Appoint Conferees Re: S. 1177; An original bill to reauthorize the Elementary and Secondary Education Act of 1965 to ensure that every child achieves.",0
307,11/17/2015,3,Passed,"S.J.Res. 23; A joint resolution providing for congressional disapproval under chapter 8 of title 5, United States Code, of a rule submitted by the Environmental Protection Agency relating to ""Standards of Performance for Greenhouse Gas Emissions from New, Modified, and Reconstructed Stationary Sources: Electric Utility Generating Units"".",0
306,11/17/2015,4,Passed,"S.J.Res. 24; A joint resolution providing for congressional disapproval under chapter 8 of title 5, United States Code, of a rule submitted by the Environmental Protection Agency relating to ""Carbon Pollution Emission Guidelines for Existing Stationary Sources: Electric Utility Generating Units"".",0
305,11/16/2015,5,Confirmed,"Nomination LaShann Moutique DeArcy Hall, of New York, to be U.S. District Judge for the Eastern District",0
304,11/10/2015,6,Agreed to,"Wicker Motion to Instruct Conferees (Re: Combination Length Limitations); An act to authorize funds for Federal-aid highways, highway safety programs, and transit programs, and for other purposes.",0
303,11/10/2015,7,Agreed to,"Motion to Invoke Cloture on the Motion to Disagree to the House Amendment to the Senate Amendment to H.R. 22, Agree to the Request for Conference, and Authorize Conferees to be Appointed; An act to authorize funds for Federal-aid highways, highway safety programs, and transit programs, and for other purposes.",0
302,11/10/2015,8,Passed,"H.R. 2029 As Amended; A bill making appropriations for military construction, the Department of Veterans Affairs, and related agencies for the fiscal year ending September 30, 2016, and for other purposes.",0
301,11/10/2015,9,Agreed to,"Motion to Concur in the House Amendment to S. 1356; An act to authorize appropriations for fiscal year 2016 for military activities of the Department of Defense, for military construction, and for defense activities of the Department of Energy, to prescribe military personnel strengths for such fiscal year, and for other purposes.",0
300,11/9/2015,10,Confirmed,"Confirmation Scott Allen, of Maryland, to be Director of the European Bank for Reconstruction and Development",0
299,11/5/2015,11,Agreed to,"Motion to Proceed to H.R. 2029; A bill making appropriations for military construction, the Department of Veterans Affairs, and related agencies for the fiscal year ending September 30, 2016, and for other purposes.",0
298,11/5/2015,12,Rejected,"Motion to Invoke Cloture on the Motion to Proceed to H.R. 2685; A bill making appropriations for the Department of Defense for the fiscal year ending September 30, 2016, and for other purposes.",0
297,11/4/2015,13,Passed,"S. J. Res. 22; A joint resolution providing for congressional disapproval under chapter 8 of title 5, United States Code, of the rule submitted by the Corps of Engineers and the Environmental Protection Agency relating to the definition of ""waters of the United States"" under the Federal Water Pollution Control Act.",0
296,11/3/2015,14,Agreed to,"Motion to Proceed to S. J. Res. 22; A joint resolution providing for congressional disapproval under chapter 8 of title 5, United States Code, of the rule submitted by the Corps of Engineers and the Environmental Protection Agency relating to the definition of ""waters of the United States"" under the Federal Water Pollution Control Act.",0
295,11/3/2015,15,Rejected,"Motion to Invoke Cloture on the Motion to Proceed to S. 1140; A bill to require the Secretary of the Army and the Administrator of the Environmental Protection Agency to propose a regulation revising the definition of the term ""waters of the United States"", and for other purposes.",0
294,10/30/2015,16,Agreed to,Motion to Concur in the House Amendment to the Senate Amendment to H.R. 1314; A bill to amend the Internal Revenue Code of 1986 to provide for a right to an administrative appeal relating to adverse determinations of tax-exempt status of certain organizations.,0
293,10/30/2015,17,Agreed to,Motion to Waive All Applicable Budgetary Discipline Re: Motion to Concur in the House Amendment to the Senate Amendment to H.R. 1314; A bill to amend the Internal Revenue Code of 1986 to provide for a right to an administrative appeal relating to adverse determinations of tax-exempt status of certain organizations.,0
292,10/30/2015,18,Agreed to,Motion to Invoke Cloture in the House Amendment to the Senate Amendment to H.R. 1314; A bill to amend the Internal Revenue Code of 1986 to provide for a right to an administrative appeal relating to adverse determinations of tax-exempt status of certain organizations.,0
291,10/27/2015,19,Passed,"S. 754, As Amended; An original bill to improve cybersecurity in the United States through enhanced sharing of information about cybersecurity threats, and for other purposes.",0
290,10/27/2015,20,Rejected,"Cotton Amdt. No. 2581, As Modified; To exempt from the capability and process within the Department of Homeland Security communication between a private entity and the Federal Bureau of Investigation or the United States Secret Service regarding cybersecurity threats.",0
289,10/27/2015,21,Rejected,"Coons Amdt. No. 2552, As Further Modified; To modify section 105 to require DHS to review all cyber threat indicators and countermeasures in order to remove certain personal information.",0
288,10/27/2015,22,Rejected,Franken Amdt. No. 2612 As Further Modified; To improve the definitions of cybersecurity threat and cyber threat indicator.,0
287,10/27/2015,23,Rejected,"Leahy Amdt. No. 2587, As Modified; To strike the FOIA exemption.",0
286,10/27/2015,24,Rejected,"Heller Amdt. No. 2548, As Modified; To protect information that is reasonably believed to be personal information or information that identifies a specific person.",0
285,10/27/2015,25,Rejected,"Wyden Amdt. No. 2621, As Modified; To improve the requirements relating to removal of personal information from cyber threat indicators before sharing.",0
284,10/26/2015,26,Confirmed,"Confirmation Lawrence Joseph Vilardo, of New York, to be U.S. District Judge for the Western District",0
283,10/22/2015,27,Confirmed,"Nomination Julie Furuta-Toy, of Wyoming, to be Ambassador to the Republic of Equatorial Guinea",0
282,10/22/2015,28,Rejected,Paul Amdt. No. 2564 As Modified; To prohibit liability immunity to applying to private entities that break user or privacy agreements with customers.,0
281,10/22/2015,29,Agreed to,Motion to Invoke Cloture Burr Amdt. No. 2716; In the nature of a substitute.,0
280,10/20/2015,30,Rejected,"Motion to Invoke Cloture on the Motion to Proceed to S. 2146; A bill to hold sanctuary jurisdictions accountable for defying Federal law, to increase penalties for individuals who illegally reenter the United States after being removed, and to provide liability protection for State and local law enforcement who cooperate with Federal law enforcement and for other purposes.",0
279,10/20/2015,31,Confirmed,"Confirmation Ann Donnelly, of New York, to be U.S. District Judge for the Eastern District",0
278,10/8/2015,32,Rejected,"Motion to Invoke Cloture Re: Motion to Proceed to H.R. 2028; A bill making appropriations for energy and water development and related agencies for the fiscal year ending September 30, 2016, and for other purposes.",0
277,10/7/2015,33,Agreed to,"Conference Report to Accompany H.R. 1735; An act to authorize appropriations for fiscal year 2016 for military activities of the Department of Defense, for military construction, and for defense activities of the Department of Energy, to prescribe military personnel strengths for such fiscal year, and for other purposes.",0
276,10/7/2015,34,Agreed to,"Motion to Waive All Applicable Budgetary Discipline Re: Conference Report to Accompany H.R. 1735; An act to authorize appropriations for fiscal year 2016 for military activities of the Department of Defense, for military construction, and for defense activities of the Department of Energy, to prescribe military personnel strengths for such fiscal year, and for other purposes.",0
275,10/6/2015,35,Agreed to,"Motion to Invoke Cloture Re: Conference Report to Accompany H.R. 1735; An act to authorize appropriations for fiscal year 2016 for military activities of the Department of Defense, for military construction, and for defense activities of the Department of Energy, to prescribe military personnel strengths for such fiscal year, and for other purposes.",0
274,10/5/2015,36,Confirmed,"Confirmation Dale A. Drozd, of California, to be U.S. District Judge for the Eastern District",0
273,10/1/2015,37,Rejected,"Motion to Invoke Cloture on the Motion to Proceed to H.R. 2029; A bill making appropriations for military construction, the Department of Veterans Affairs, and related agencies for the fiscal year ending September 30, 2016, and for other purposes.",0
272,9/30/2015,38,Agreed to,"Motion to Concur in the House Amendment to the Senate Amendment to H.R. 719 with Further Amendment; A bill to require the Transportation Security Administration to conform to existing Federal law and regulations regarding criminal investigator positions, and for other purposes.",0
271,9/28/2015,39,Agreed to,"Motion to Invoke Cloture on the Motion to Concur in the House Amendment to the Senate Amendment with Further Amendment to H.R. 719; A bill to require the Transportation Security Administration to conform to existing Federal law and regulations regarding criminal investigator positions, and for other purposes.",0
270,9/24/2015,40,Rejected,"Motion to Invoke Cloture on Cochran Amdt. No. 2669; Making continuing appropriations for the fiscal year ending September 30, 2016, and for other purposes.",0
269,9/22/2015,41,Rejected,"Motion to Invoke Cloture on the Motion to Proceed to H.R. 2685, Upon Reconsideration; A bill making appropriations for the Department of Defense for the fiscal year ending September 30, 2016, and for other purposes.",0
268,9/22/2015,42,Rejected,"Motion to Invoke Cloture on the Motion to Proceed to H.R. 36; A bill to amend title 18, United States Code, to protect pain-capable unborn children, and for other purposes.",0
267,9/17/2015,43,Rejected,Motion to Invoke Cloture on McConnell Amdt. No. 2640; In the nature of a substitute.,0
266,9/17/2015,44,Rejected,"Motion to Invoke Cloture on McConnell Amdt. No. 2656; To prohibit the President from waiving, suspending, reducing, providing relief from, or otherwise limiting the application of sanctions pursuant to an agreement related to the nuclear program of Iran.",0
265,9/15/2015,45,Rejected,Motion to Invoke Cloture on McConnell Amdt. No. 2640; In the nature of a substitute.,0
264,9/10/2015,46,Rejected,Motion to Invoke Cloture on McConnell Amdt. No. 2640; In the nature of a substitute.,0
263,9/8/2015,47,Confirmed,"Confirmation Roseann A. Ketchmark, of Missouri, to be U.S. District Judge for the Western District",0
262,8/3/2015,48,Rejected,Motion to Invoke Cloture on the Motion to Proceed to S. 1881; A bill to prohibit Federal funding of Planned Parenthood Federation of America.,0
261,7/30/2015,49,Passed,"H.R. 3236; A bill to provide an extension of Federal-aid highway, highway safety, motor carrier safety, transit, and other programs funded out of the Highway Trust Fund, to provide resource flexibility to the Department of Veterans Affairs for health care services, and for other purposes.",0
260,7/30/2015,50,Passed,"H.R. 22 As Amended; An act to authorize funds for Federal-aid highways, highway safety programs, and transit programs, and for other purposes.",0
259,7/29/2015,51,Agreed to,"Motion to Invoke Cloture on H.R. 22 As Amended; An act to authorize funds for Federal-aid highways, highway safety programs, and transit programs, and for other purposes.",0
258,7/29/2015,52,Agreed to,McConnell Amdt. No. 2266 As Amended; In the nature of a substitute.,0
257,7/27/2015,53,Agreed to,"Motion to Invoke Cloture on McConnell Amdt. No. 2266, As Modified; In the nature of a substitute.",0
256,7/27/2015,54,Agreed to,Kirk Amdt. No. 2327; To reauthorize and reform the Export-Import Bank of the United States.,0
255,7/27/2015,55,Agreed to,"Motion to Instruct the Sergeant at Arms; An act to authorize funds for Federal-aid highways, highway safety programs, and transit programs, and for other purposes.",0
254,7/26/2015,56,Agreed to,Motion to Invoke Cloture on Kirk Amdt. No. 2327; To reauthorize and reform the Export-Import Bank of the United States.,0
253,7/26/2015,57,Rejected,Motion to Invoke Cloture on McConnell Amdt. No. 2328; To repeal the Patient Protection and Affordable Care Act and the Health Care and Education Reconciliation Act of 2010 entirely.,0
252,7/24/2015,58,Agreed to,"Motion to Proceed to H.R. 22; An act to authorize funds for Federal-aid highways, highway safety programs, and transit programs, and for other purposes.",0
251,7/22/2015,59,Agreed to,"Upon Reconsideration Motion to Invoke Cloture on the Motion to Proceed to H.R. 22; An act to authorize funds for Federal-aid highways, highway safety programs, and transit programs, and for other purposes.",0
250,7/21/2015,60,Rejected,"Motion to Invoke Cloture on the Motion to Proceed to H.R. 22; An act to authorize funds for Federal-aid highways, highway safety programs, and transit programs, and for other purposes.",0
249,7/16/2015,61,Passed,S. 1177 As Amended; An original bill to reauthorize the Elementary and Secondary Education Act of 1965 to ensure that every child achieves.,0
248,7/16/2015,62,Agreed to,Motion to Invoke Cloture on S. 1177; An original bill to reauthorize the Elementary and Secondary Education Act of 1965 to ensure that every child achieves.,0
247,7/16/2015,63,Rejected,"Casey Amdt. No. 2242; To establish a Federal-State partnership to provide access to high-quality public prekindergarten programs from low-income and moderate-income families to ensure that they enter kindergarten prepared for success, and for other purposes.",0
246,7/16/2015,64,Agreed to,Brown Amdt. No. 2100; To amend title V of the Elementary and Secondary Education Act of 1965 to establish a full-service community schools grant program.,0
245,7/16/2015,65,Agreed to,Burr Amdt. No. 2247 As Modified; To amend the allocation of funds under subpart 2 of part A of title I of the Elementary and Secondary Education Act of 1965.,0
244,7/16/2015,66,Agreed to,Coons Amdt. No. 2243; To authorize the establishment of American Dream Accounts.,0
243,7/16/2015,67,Rejected,"Sanders Amdt. No. 2177; To provide for youth jobs, and for other purposes.",0
242,7/16/2015,68,Rejected,"Cruz Amdt. No. 2180; To provide for State-determined assessment and accountability systems, and for other purposes.",0
241,7/15/2015,69,Rejected,Murphy Amdt. No. 2241; To amend the accountability provisions.,0
240,7/15/2015,70,Rejected,"Kirk Amdt. No. 2161; To ensure that States measure and report on indicators of student access to critical educational resources and identify disparities in such resources, and for other purposes.",0
239,7/15/2015,71,Rejected,Heitkamp Amdt. No. 2171; To reinstate grants to improve the mental health of children.,0
238,7/15/2015,72,Rejected,Markey Amdt. No. 2176; To establish a climate change education program.,0
237,7/15/2015,73,Agreed to,Motion to Invoke Cloture on the Alexander Amdt. No. 2089; In the nature of a substitute.,0
236,7/14/2015,74,Rejected,Franken Amdt. No. 2093; To end discrimination based on actual or perceived sexual orientation or gender identity in public schools.,0
235,7/14/2015,75,Rejected,Lee Amdt No. 2162; To amend the Elementary and Secondary Education Act of 1965 relating to parental notification and opt-out of assessments.,0
234,7/14/2015,76,Agreed to,"Isakson Amdt. No. 2194; To require local educational agencies to inform parents of any State or local educational agency policy, procedure, or parental right regarding student participation in any mandated assessments for that school year.",0
233,7/14/2015,77,Agreed to,Booker Amdt. No. 2169; To require a State's report card to include information on the graduation rates of homeless children and children in foster care.,0
232,7/14/2015,78,Rejected,Scott Amdt. No. 2132; To expand opportunity by allowing Title I funds to follow low-income children.,0
231,7/13/2015,79,Agreed to,Hatch Amdt. No. 2080; To establish a committee on student privacy policy.,0
230,7/9/2015,80,Rejected,"Reed Motion to Instruct Conferees Re: H.R. 1735; An act to authorize appropriations for fiscal year 2016 for military activities of the Department of Defense, for military construction, and for defense activities of the Department of Energy, to prescribe military personnel strengths for such fiscal year, and for other purposes.",0
229,7/9/2015,81,Agreed to,"Motion to Invoke Cloture on the Motion to Insist on the Senate Amendment, Agree to the Request for Conference, and Authorize the Presiding Officer to Appoint Conferees Re: H.R. 1735; An act to authorize appropriations for fiscal year 2016 for military activities of the Department of Defense, for military construction, and for defense activities of the Department of Energy, to prescribe military personnel strengths for such fiscal year, and for other purposes.",0
228,7/9/2015,82,Agreed to,"Toomey Amdt. No. 2094 As Modified; To ensure that States have policies or procedures that prohibit aiding or abetting of sexual abuse, and for other purposes.",0
227,7/9/2015,83,Agreed to,Brown Amdt. No. 2099; To amend part A of title IV of the Elementary and Secondary Education Act of 1965 to allow funds provided under such part to be used for a site resource coordinator.,0
226,7/9/2015,84,Rejected,Daines Amdt. No. 2110; To allow a State to submit a declaration of intent to the Secretary of Education to combine certain funds to improve the academic achievement of students.,0
225,7/8/2015,85,Rejected,"Alexander Amdt. No. 2139; To allow States to let Federal funds for the education of disadvantaged children follow low-income children to the accredited or otherwise State-approved public school, private school, or supplemental educational services program they attend.",0
224,7/8/2015,86,Agreed to,Tester Amdt. No. 2107; To restore sections of the Elementary and Secondary Education Act of 1965.,0
223,7/8/2015,87,Rejected,"Hirono Amdt. No. 2109; To amend section 1111(b)(2)(B)(xi) to provide for additional disaggregation for local educational agencies with a total of not less than 1,000 Asian and Native Hawaiian or Pacific Islander students.",0
222,7/8/2015,88,Agreed to,Reed. Amdt. No. 2085; To amend the Elementary and Secondary Education Act of 1965 regarding school librarians and effective school library programs.,0
221,7/7/2015,89,Confirmed,"Confirmation Kara Farnandez Stoll, of Virginia, to be U.S. Circuit Judge for the Federal Circuit",0
220,6/24/2015,90,Agreed to,"Motion to Invoke Cloture on the Motion to Concur in the House Amendment to the Senate Amendment to H.R. 1295 with Amendment No. 2065; An act to extend the African Growth and Opportunity Act, the Generalized System of Preferences, the preferential duty treatment program for Haiti, and for other purposes.",0
219,6/24/2015,91,Agreed to,"Motion to Concur in the House Amendment to the Senate Amendment to H.R. 2146; A bill to amend the Internal Revenue Code of 1986 to allow Federal law enforcement officers, firefighters, and air traffic controllers to make penalty-free withdrawals from governmental plans after age 50, and for other purposes.",0
218,6/23/2015,92,Agreed to,"Motion to Invoke Cloture on the Motion to Concur in the House Amendment to the Senate Amendment to H.R. 2146; A bill to amend the Internal Revenue Code of 1986 to allow Federal law enforcement officers, firefighters, and air traffic controllers to make penalty-free withdrawals from governmental plans after age 50, and for other purposes.",0
217,6/22/2015,93,Confirmed,"Confirmation Peter V. Neffenger, of Ohio, to be an Assistant Secretary of Homeland Security",0
216,6/18/2015,94,Rejected,"Motion to Invoke Cloture on the Motion to Proceed to H.R. 2685; A bill making appropriations for the Department of Defense for the fiscal year ending September 30, 2016, and for other purposes.",0
215,6/18/2015,95,Passed,"H.R. 1735 As Amended; An act to authorize appropriations for fiscal year 2016 for military activities of the Department of Defense, for military construction, and for defense activities of the Department of Energy, to prescribe military personnel strengths for such fiscal year, and for other purposes.",0
214,6/17/2015,96,Agreed to,"Motion to Invoke Cloture on H.R. 1735; An act to authorize appropriations for fiscal year 2016 for military activities of the Department of Defense, for military construction, and for defense activities of the Department of Energy, to prescribe military personnel strengths for such fiscal year, and for other purposes.",0
213,6/16/2015,97,Rejected,"Vitter Amdt. No. 1473 As Further Modified; To limit the retirement of Army combat units, and to provide an offset.",0
212,6/16/2015,98,Agreed to,Motion to Invoke Cloture on McCain Amdt. No. 1463; In the nature of a substitute.,0
211,6/16/2015,99,Rejected,Gillibrand Amdt. No. 1578; To reform procedures for determinations to proceed to trial by court-martial for certain offenses under the Uniform Code of Military Justice.,0
210,6/16/2015,100,Rejected,"Ernst Amdt. No. 1549; To provide for a temporary, emergency authorization of defense articles, defense services, and related training directly to the Kurdistan Regional Government.",0
209,6/16/2015,101,Agreed to,McCain Amdt. No. 1889; To reaffirm the prohibition on torture.,0
208,6/15/2015,102,Confirmed,"Confirmation Matthew T. McGuire, of the District of Columbia, to be U.S. Executive Director of the International Bank for Reconstruction and Development",0
207,6/11/2015,103,Rejected,Motion to Invoke Cloture on Burr Amdt. No. 1569 As Modified; To improve cybersecurity in the United States through enhanced sharing of information about cybersecurity threats.,0
206,6/10/2015,104,Rejected,Motion to Table Kirk Amdt. No. 1986; To reauthorize and reform the Export-Import Bank of the United States.,0
205,6/9/2015,105,Rejected,Reed Amdt. No. 1521; To limit the availability of amounts authorized to be appropriated for overseas contingency operations pending relief from the spending limits under the Budget Control Act of 2011.,0
204,6/4/2015,106,Agreed to,Tillis Amdt. No. 1506; To provide for the stationing of C-130 H aircraft avionics previously modified by the Avionics Modernization Program (AMP) in support of daily training and contingency requirements for Airborne and Special Operations Forces.,0
203,6/4/2015,107,Rejected,Shaheen Amdt. No. 1494; To revise the definition of spouse for purposes of veterans benefits in recognition of new State definitions of spouse.,0
202,6/4/2015,108,Agreed to,"Portman Amdt. No. 1522; To provide additional amounts for procurement and for research, development, test, and evaluation for Stryker Lethality Upgrades, and to provide an offset.",0
201,6/2/2015,109,Passed,"H.R. 2048; A bill to reform the authorities of the Federal Government to require the production of certain business records, conduct electronic surveillance, use pen registers and trap and trace devices, and use other forms of information gathering for foreign intelligence, counterterrorism, and criminal purposes, and for other purposes.",0
200,6/2/2015,110,Rejected,McConnell Amdt. No. 1449; In the nature of a substitute.,0
199,6/2/2015,111,Rejected,McConnell Amdt. No. 1450; Of a perfecting nature.,0
198,6/2/2015,112,Rejected,McConnell Amdt. No. 1451; Of a perfecting nature.,0
197,6/2/2015,113,Agreed to,"Motion to Invoke Cloture on H.R. 2048; A bill to reform the authorities of the Federal Government to require the production of certain business records, conduct electronic surveillance, use pen registers and trap and trace devices, and use other forms of information gathering for foreign intelligence, counterterrorism, and criminal purposes, and for other purposes.",0
196,5/31/2015,114,Agreed to,"Upon Reconsideration Motion to Invoke Cloture on the Motion to Proceed to H.R. 2048; A bill to reform the authorities of the Federal Government to require the production of certain business records, conduct electronic surveillance, use pen registers and trap and trace devices, and use other forms of information gathering for foreign intelligence, counterterrorism, and criminal purposes, and for other purposes.",0
195,5/23/2015,115,Rejected,"Motion to Invoke Cloture on the Motion to Proceed to S. 1357; A bill to extend authority relating to roving surveillance, access to business records, and individual terrorists as agents of foreign powers under the Foreign Intelligence Surveillance Act of 1978 until July 31, 2015, and for other purposes.",0
194,5/23/2015,116,Rejected,"Motion to Invoke Cloture on the Motion to Proceed to H.R. 2048; A bill to reform the authorities of the Federal Government to require the production of certain business records, conduct electronic surveillance, use pen registers and trap and trace devices, and use other forms of information gathering for foreign intelligence, counterterrorism, and criminal purposes, and for other purposes.",0
193,5/22/2015,117,Passed,H.R. 1314 As Amended; A bill to amend the Internal Revenue Code of 1986 to provide for a right to an administrative appeal relating to adverse determinations of tax-exempt status of certain organizations.,0
192,5/22/2015,118,Agreed to,Motion to Invoke Cloture on H.R. 1314; A bill to amend the Internal Revenue Code of 1986 to provide for a right to an administrative appeal relating to adverse determinations of tax-exempt status of certain organizations.,0
191,5/22/2015,119,Agreed to,Hatch Amdt. No. 1221 As Amended; In the nature of a substitute.,0
190,5/22/2015,120,Rejected,Flake Amdt. No. 1243; To strike the extension of the trade adjustment assistance program.,0
189,5/22/2015,121,Rejected,Brown Amdt. No. 1251; To require the approval of Congress before additional countries may join the Trans-Pacific Partnership Agreement.,0
188,5/22/2015,122,Rejected,Warren Amdt. No. 1327; To prohibit the application of the trade authorities procedures to an implementing bill submitted with respect to a trade agreement that includes investor-state dispute settlement.,0
187,5/22/2015,123,Rejected,Portman Amdt. No. 1299; To make it a principal negotiating objective of the United States to address currency manipulation in trade agreements.,0
186,5/22/2015,124,Agreed to,Hatch Amdt. No. 1411 As Modified; Of a perfecting nature.,0
185,5/21/2015,125,Confirmed,"Confirmation Jose Rolando Olvera, Jr., of Texas, to be U.S. District Judge for the Southern District of Texas",0
184,5/21/2015,126,Confirmed,"Confirmation Jill N. Parrish, of Utah, to be United States District Judge",0
183,5/21/2015,127,Agreed to,Motion to Invoke Cloture on Hatch Amdt. No. 1221 to H.R. 1314; In the nature of a substitute.,0
182,5/18/2015,128,Agreed to,Lankford Amdt. No. 1237 As Modified; To establish consideration of the conditions relating to religious freedom of parties to trade negotiations as an overall negotiating objective of the United States.,0
181,5/18/2015,129,Rejected,Brown Amdt. No. 1242; To restore funding for the trade adjustment assistance program to the level established by the Trade Adjustment Assistance Extension Act of 2011.,0
180,5/14/2015,130,Agreed to,"Upon Reconsideration, Motion to Invoke Cloture on the Motion to Proceed to H.R. 1314; A bill to amend the Internal Revenue Code of 1986 to provide for a right to an administrative appeal relating to adverse determinations of tax-exempt status of certain organizations.",0
179,5/14/2015,131,Passed,"H.R. 644, As Amended; An act to reauthorize trade facilitation and trade enforcement functions and activities, and for other purposes.",0
178,5/14/2015,132,Passed,"H.R. 1295, As Amended; An act to extend the African Growth and Opportunity Act, the Generalized System of Preferences, the preferential duty treatment program for Haiti, and for other purposes.",0
177,5/13/2015,133,Confirmed,"Confirmation Sally Quillian Yates, of Georgia, to be Deputy Attorney General",0
176,5/12/2015,134,Rejected,Motion to Invoke Cloture on the Motion to Proceed to H.R. 1314; A bill to amend the Internal Revenue Code of 1986 to provide for a right to an administrative appeal relating to adverse determinations of tax-exempt status of certain organizations.,0
175,5/11/2015,135,Agreed to,S. Con. Res. 16; A concurrent resolution stating the policy of the United States regarding the release of United States citizens in Iran.,0
174,5/7/2015,136,Passed,"H.R. 1191 As Amended; A bill to provide for congressional review and oversight of agreements relating to Iran's nuclear program, and for other purposes.",0
173,5/7/2015,137,Agreed to,Motion to Invoke Cloture on Amdt. No. 1140 to H.R. 1191; In the nature of a substitute.,0
172,5/5/2015,138,Agreed to,"Motion to Table Veto Message to Accompany S.J. Res. 8; A joint resolution providing for congressional disapproval under chapter 8 of title 5, United States Code, of the rule submitted by the National Labor Relations Board relating to representation case procedures.",0
171,5/5/2015,139,Agreed to,Conference Report to Accompany S. Con. Res. 11; An original concurrent resolution setting forth the congressional budget for the United States Government for fiscal year 2016 and setting forth the appropriate budgetary levels for fiscal years 2017 through 2025.,0
170,5/5/2015,140,Agreed to,Motion to Proceed Re: Conference Report to Accompany S. Con. Res. 11; An original concurrent resolution setting forth the congressional budget for the United States Government for fiscal year 2016 and setting forth the appropriate budgetary levels for fiscal years 2017 through 2025.,0
169,5/4/2015,141,Confirmed,"Confirmation Willie E. May, of Maryland, to be Under Secretary of Commerce for Standards and Technology",0
168,4/29/2015,142,Rejected,Barrasso Amdt. No. 1147; To require a certification that Iran has not directly supported or carried out an act of terrorism against the United States or a United States person anywhere in the world.,0
167,4/28/2015,143,Rejected,Johnson Amdt. No. 1150; To declare that any agreement reached by the President relating to the nuclear program of Iran is deemed a treaty that is subject to the advice and consent of the Senate.,0
166,4/27/2015,144,Confirmed,"Confirmation Dava J. Newman, of Massachusetts, to be Deputy Administrator of the NASA",0
165,4/23/2015,145,Confirmed,"Confirmation Loretta E. Lynch, of New York, to be Attorney General",0
164,4/23/2015,146,Agreed to,"Motion to Invoke Cloture on the Nomination of Loretta Lynch, to be Attorney General",0
163,4/22/2015,147,Passed,S. 178 As Amended; A bill to provide justice for the victims of trafficking.,0
162,4/22/2015,148,Agreed to,"Kirk Amdt. No. 273 As Modified; To amend title 18, United States Code, to provide a penalty for knowingly selling advertising that offers certain commercial sex acts.",0
161,4/22/2015,149,Agreed to,Burr Amdt. No. 1121; To require the Secretary of Defense to inform the Attorney General of persons required to register as sex offenders.,0
160,4/22/2015,150,Agreed to,Brown Amdt. No. 311; To direct the Attorney General to increase the amount provided under certain formula grants to States that have in place laws that terminate the parental rights of men who father children through rape.,0
159,4/22/2015,151,Rejected,Leahy Amdt. No. 290; To reauthorize the Runaway and Homeless Youth Act.,0
158,4/22/2015,152,Rejected,"Cornyn Amdt. No. 1127; To reauthorize the Runaway and Homeless Youth Act, and for other purposes.",0
157,4/22/2015,153,Agreed to,Cornyn Amdt. No. 1124; To strengthen the Justice for Victims of Trafficking Act by incorporating additional bipartisan amendments.,0
156,4/22/2015,154,Rejected,Leahy Amdt. No. 301; To improve the bill.,0
155,4/20/2015,155,Confirmed,"Confirmation George C. Hanks, Jr., of Texas, to be U.S. District Judge for the Southern District",0
154,4/16/2015,156,Confirmed,"Confirmation Russell C. Deyo, of New Jersey, to be Under Secretary for Management, Department of Homeland Security",0
153,4/15/2015,157,Rejected,Stabenow Motion to Instruct (Medicare Cuts) Re: S.Con.Res. 11; An original concurrent resolution setting forth the congressional budget for the United States Government for fiscal year 2016 and setting forth the appropriate budgetary levels for fiscal years 2017 through 2025.,0
152,4/15/2015,158,Rejected,Mikulski Motion to Instruct (Equal Pay) Re: S.Con.Res. 11; An original concurrent resolution setting forth the congressional budget for the United States Government for fiscal year 2016 and setting forth the appropriate budgetary levels for fiscal years 2017 through 2025.,0
151,4/15/2015,159,Agreed to,Fischer Motion to Instruct (Equal Pay) Re: S.Con.Res. 11; An original concurrent resolution setting forth the congressional budget for the United States Government for fiscal year 2016 and setting forth the appropriate budgetary levels for fiscal years 2017 through 2025.,0
150,4/15/2015,160,Agreed to,Sanders Motion to Instruct (Social Security) Re: S.Con.Res. 11; An original concurrent resolution setting forth the congressional budget for the United States Government for fiscal year 2016 and setting forth the appropriate budgetary levels for fiscal years 2017 through 2025.,0
149,4/15/2015,161,Rejected,Warren Motion to Instruct (Student Loans) Re: S.Con.Res. 11; An original concurrent resolution setting forth the congressional budget for the United States Government for fiscal year 2016 and setting forth the appropriate budgetary levels for fiscal years 2017 through 2025.,0
148,4/15/2015,162,Agreed to,Burr Motion to Instruct (Student Loans) Re: S.Con.Res. 11; An original concurrent resolution setting forth the congressional budget for the United States Government for fiscal year 2016 and setting forth the appropriate budgetary levels for fiscal years 2017 through 2025.,0
147,4/15/2015,163,Agreed to,Sanders Motion to Instruct (Postal Plant Closures) Re: S.Con.Res. 11; An original concurrent resolution setting forth the congressional budget for the United States Government for fiscal year 2016 and setting forth the appropriate budgetary levels for fiscal years 2017 through 2025.,0
146,4/15/2015,164,Agreed to,Brown Motion to Instruct (Wall Street Banks) Re: S.Con.Res. 11; An original concurrent resolution setting forth the congressional budget for the United States Government for fiscal year 2016 and setting forth the appropriate budgetary levels for fiscal years 2017 through 2025.,0
145,4/15/2015,165,Agreed to,"Motion to Disagree in the House Amendment, Agree to the Request for a Conference, and Authorize the Presiding Officer to Appoint Conferees.; An original concurrent resolution setting forth the congressional budget for the United States Government for fiscal year 2016 and setting forth the appropriate budgetary levels for fiscal years 2017 through 2025.",0
144,4/14/2015,166,Passed,"H.R. 2; A bill to amend title XVIII of the Social Security Act to repeal the Medicare sustainable growth rate and strengthen Medicare access by improving physician payments and making other improvements, to reauthorize the Children's Health Insurance Program, and for other purposes.",0
143,4/14/2015,167,Agreed to,"Motion to Waive Applicable Budgetary Discipline Re: H.R. 2; A bill to amend title XVIII of the Social Security Act to repeal the Medicare sustainable growth rate and strengthen Medicare access by improving physician payments and making other improvements, to reauthorize the Children's Health Insurance Program, and for other purposes.",0
142,4/14/2015,168,Rejected,Motion to Waive All Applicable Budgetary Discipline Re: Cardin Amdt. No. 1119; To repeal the therapy cap and provide for medical review of outpatient therapy services.,0
141,4/14/2015,169,Rejected,Cotton Amdt. No. 1118; To provide steady updates of payment rates under the Medicare physician fee schedule.,0
140,4/14/2015,170,Rejected,Motion to Waive Applicable Budgetary Discipline Murray Amdt. No. 1117; To improve women's access to quality health care.,0
139,4/14/2015,171,Rejected,Lee Amdt. No. 1116; To strike the provision excluding the budgetary effects of the Act from PAYGO requirements.,0
138,4/14/2015,172,Rejected,Motion to Waive Applicable Budgetary Discipline Bennet Amdt. No. 1115; To protect and retain our Children's Health Insurance Program for 4 years (PRO-CHIP).,0
137,4/14/2015,173,Rejected,Cornyn Amdt. No. 1114; To repeal the individual mandate.,0
136,4/13/2015,174,Confirmed,"Confirmation Alfred H. Bennett, of Texas, to be U.S. District Judge for the Southern District of Texas",0
135,3/27/2015,175,Agreed to,S.Con.Res. 11 As Amended; An original concurrent resolution setting forth the congressional budget for the United States Government for fiscal year 2016 and setting forth the appropriate budgetary levels for fiscal years 2017 through 2025.,0
134,3/27/2015,176,Agreed to,Kaine Amdt. No. 1047 As Modified ; To provide for sequestration replacement.,0
133,3/27/2015,177,Rejected,Cardin Amdt. No. 367; To establish a deficit-neutral reserve fund relating to providing a funding stream for a voter reinfranchisement initiative.,0
132,3/27/2015,178,Agreed to,Lee Amdt. No. 855; To prohibit increasing the public debt limit under reconciliation.,0
131,3/27/2015,179,Rejected,Warren Amdt. No. 1094 As Modified; To establish a deficit-neutral reserve fund relating to expanding Social Security.,0
130,3/27/2015,180,Agreed to,Vitter Amdt. No. 811; To establish a deficit-neutral reserve fund relating to ending Washington's illegal exemption from Patient Protection and Affordable Care Act.,0
129,3/27/2015,181,Rejected,"Motion to Waive Applicable Budgetary Discipline Cotton Amdt. No. 664; To establish a deficit-neutral reserve fund relating to construction of new facilities and improvements to existing facilities at the detention facilities at United States Naval Station, Guantanamo Bay, Cuba.",0
128,3/27/2015,182,Agreed to,Cotton Amdt. No. 659; To establish a spending-neutral reserve fund relating to prohibiting the designation of critical habitat.,0
127,3/27/2015,183,Rejected,"Reed Amdt. No. 919; To establish a deficit-neutral reserve fund relating to eliminating deductions for corporate compensation in excess of $1,000,000.",0
126,3/26/2015,184,Agreed to,Lee Amdt. No. 750 As Modified; To modify the spending-neutral reserve fund reauthorizing funding for payments to counties and other units of local government to include the option of payment at levels roughly equivalent to property tax revenues lost due to the presence of Federal land.,0
125,3/26/2015,185,Agreed to,"Wyden Amdt. No. 968; To establish a deficit-neutral reserve fund relating to enacting middle class tax relief, including extending and expanding refundable tax credits, such as tax provisions and policies included in legislation like the Working Families Tax Relief Act, American Opportunity Tax Credit Permanence and Consolidation Act, Helping Working Families Afford Child Care Act, or the 21st Century Worker Tax Cut Act, among other legislation.",0
124,3/26/2015,186,Agreed to,"McCain Amdt. No. 360 As Modified; To establish a deficit-neutral reserve fund relating to deterring the migration of unaccompanied children from El Salvador, Guatemala, and Honduras.",0
123,3/26/2015,187,Rejected,Motion to Waive All Applicable Budgetary Discipline Re: Nelson Amdt. No 944; To create a point of order against legislation that would use tax dollars to censor publicly-funded climate science.,0
122,3/26/2015,188,Agreed to,Kirk Amdt. No. 1038; To establish a deficit-neutral reserve fund to increase wages for American workers.,0
121,3/26/2015,189,Agreed to,Schatz Amdt. No. 1063 As Modified; To establish a deficit-neutral reserve fund relating to ensuring all legally married same-sex spouses have equal access to the Social Security and veterans benefits they have earned and receive equal treatment under the law pursuant to the Constitution of the United States.,0
120,3/26/2015,190,Agreed to,Flake Amdt. No. 665; To establish a spending-neutral reserve fund relating to prohibiting awarding of construction contracts based on awardees entering or not entering into agreements with labor organizations.,0
119,3/26/2015,191,Rejected,"Murray Amdt. No. 951; To establish and fund a new Federal-State partnership to expand access to high-quality preschool programs for children from low- and moderate-income families, offset with revenue from closing loopholes.",0
118,3/26/2015,192,Agreed to,Gardner Amdt. No. 443; To establish a deficit-neutral reserve fund relating to protecting privately held water rights and permits.,0
117,3/26/2015,193,Rejected,Merkley Amdt. No. 842; To establish a deficit-neutral reserve fund relating to consumer financial protection.,0
116,3/26/2015,194,Agreed to,"McConnell Amdt. No. 836; To establish a deficit-neutral reserve fund relating to the regulation by the Environmental Protection Agency of greenhouse gas emissions, which may include a prohibition on withholding highway funds from States that refuse to submit State Implementation Plans required under the Clean Power Plan of the Agency.",0
115,3/26/2015,195,Agreed to,"Bennet Amdt. No. 1014; To establish a deficit-neutral reserve fund relating to responding to the economic and national security threats posed by human-induced climate change, as highlighted by the Secretary of Defense, the Director of National Intelligence, the Administrator of the National Aeronautics and Space Administration, and the Administrator of National Oceanic and Atmospheric Administration.",0
114,3/26/2015,196,Agreed to,Thune Amdt. No. 607; To establish a deficit-neutral reserve fund to allow for the permanent elimination of the Federal estate tax.,0
113,3/26/2015,197,Agreed to,Casey Amdt. No. 632; To establish a deficit-neutral reserve fund relating to providing reasonable accommodations for pregnant workers.,0
112,3/26/2015,198,Agreed to,Portman Amdt. No. 689; To improve the dynamic scoring provision.,0
111,3/26/2015,199,Rejected,Stabenow Amdt. No. 1072; To provide additional resources to reject the Senate Republicans' proposed $435 billion in cuts to Medicare.,0
110,3/26/2015,200,Rejected,Coons Amdt. No. 966 As Modified; To establish a deficit-neutral reserve fund relating to offsetting the costs of operations against the Islamic State.,0
109,3/26/2015,201,Agreed to,Kirk Amdt. No. 545 As Modified; To establish a deficit-neutral reserve fund relating to reimposing waived sanctions and imposing new sanctions against Iran for violations of the Joint Plan of Action or a comprehensive nuclear agreement.,0
108,3/26/2015,202,Agreed to,Inhofe Amdt. No. 649 As Modified; To establish a spending-neutral reserve fund relating to prohibiting funding of international organizations during the implementation of the United Nations Arms Trade Treaty prior to Senate ratification and adoption of implementing legislation.,0
107,3/26/2015,203,Rejected,"Whitehouse Amdt No. 867; To establish a deficit-neutral reserve fund relating to making it more difficult for corporations and billionaires to secretly influence elections by making unlimited undisclosed campaign expenditures, and to prevent such entities from evading campaign finance law, including through making false statements to government agencies.",0
106,3/26/2015,204,Agreed to,Murkowski Amdt. No. 838; To establish a spending-neutral reserve fund relating to the disposal of certain Federal land.,0
105,3/26/2015,205,Agreed to,Vitter Amdt. No. 515; To establish a spending-neutral reserve fund relating to requiring the Federal Government to allow states to opt out of Common Core without penalty.,0
104,3/26/2015,206,Rejected,Durbin Amdt. No. 817; To establish a deficit-neutral reserve fund to provide tax benefits to patriot employers that invest in American jobs and provide fair pay and benefits to workers and to eliminate tax benefits for corporations that ship jobs or profits overseas.,0
103,3/26/2015,207,Agreed to,Blunt Amdt. No. 928; To establish a deficit-neutral reserve fund to protect the United States from an energy tax.,0
102,3/26/2015,208,Agreed to,Scott Amdt. No. 692; To establish a deficit-neutral reserve fund relating to transparency in health premium billing.,0
101,3/26/2015,209,Rejected,"Franken Amdt. No. 828; To provide additional resources to save student financial aid and keep college affordable for more than 8,000,000 low- and middle-income students by restoring the $89,000,000,000 in cuts to Federal Pell Grants in the Republican budget.",0
100,3/26/2015,210,Rejected,Baldwin Amdt. No. 432; To provide additional resources to create the opportunity for more Americans to obtain a higher education and advanced job skills by supporting two free years of community college paid for by raising revenue through requiring millionaires and billionaires to pay their fair share.,0
99,3/26/2015,211,Agreed to,Moran Amdt. No. 356; To establish a deficit-neutral reserve fund relating to providing health care to veterans who reside more than 40 miles driving distance from the closest medical facility of the Department of Veterans Affairs that provides the care sought by the veteran.,0
98,3/26/2015,212,Agreed to,Murray Amdt. No. 798; To establish a deficit-neutral reserve fund for legislation to allow Americans to earn paid sick time.,0
97,3/26/2015,213,Rejected,Motion to Waive All Applicable Budgetary Discipline Paul Amdt. No. 940 As Modified; To increase new budget authority for fiscal years 2016 and 2017 and modify outlays for fiscal years 2016 through 2022 for National Defense (budget function 050) with offsets.,0
96,3/26/2015,214,Rejected,Motion to Waive All Applicable Budgetary Discipline Rubio Amdt. No. 423 As Modified; To increase new budget authority fiscal years 2016 and 2017 and modify outlays for fiscal years 2016 through 2022 for National Defense (budget function 050).,0
95,3/26/2015,215,Rejected,"Wyden Admt. No. 1012; To strike more than $1.2 trillion in cuts to Medicaid, preserving a critical source of comprehensive, affordable health and long-term care coverage for millions of otherwise uninsured low-income adults, parents, and seniors, including millions of nonelderly low-income adults in States that expanded Medicaid as part of health reform.",0
94,3/26/2015,216,Rejected,"Stabenow Amdt. No. 523; To prevent United States companies from getting tax benefits for moving jobs overseas, to end offshore tax loopholes including inversions, and to provide incentives for United States companies to relocate overseas jobs to the United States.",0
93,3/26/2015,217,Rejected,Sanders Amdt. No. 881; To establish a deficit-neutral reserve fund relating to promoting a substantial increase in the minimum wage.,0
92,3/25/2015,218,Agreed to,Cotton Amdt. No. 481; To establish a deficit-neutral fund relating to supporting Israel.,0
91,3/25/2015,219,Rejected,"Murray Amdt. No. 801; To build on the Bipartisan Budget Act of 2013 by restoring a below-sequester level cut of $9,000,000,000 to nondefense discretionary spending in 2017, replacing sequestration in 2016 and 2017 and increasing funding above sequester levels by a total of $148,000,000,000 for the 2 years, increasing defense and nondefense discretionary spending above sequester levels by equal amounts, eliminating the overseas contingency operations gimmick contained in the committee-reported resolution, and offsetting the net increase in defense and nondefense discretionary spending by closing tax loopholes.",0
90,3/25/2015,220,Rejected,"Motion to Waive All Applicable Budgetary Discipline Re: Bennet Amdt. No. 601; To create a point of order against legislation that would privatize Medicare, cut guaranteed benefits, increase out-of-pocket spending, or turn Medicare into a premium support plan.",0
89,3/25/2015,221,Rejected,Sanders Amdt. No. 777 As Modified; To establish a deficit-neutral reserve fund to recognize that climate change is real and caused by human activity and that Congress needs to take action to cut carbon pollution.,0
88,3/25/2015,222,Agreed to,"Barrasso Amdt. No. 347; To establish a spending-neutral reserve fund to keep the Federal Water Pollution Control Act focused on protection of water quality, to establish bright lines for Federal jurisdiction, and to create clear and unambiguous exemptions for features that the Administrator of the Environmental Protection Agency or the Secretary of the Army, acting through the Chief of Engineers, claim they are not seeking to regulate.",0
87,3/25/2015,223,Agreed to,"Stabenow Amdt. No. 755; To establish a deficit-neutral reserve fund relating to keeping the Federal Water Pollution Control Act focused on protection of water quality, to establish bright lines for Federal jurisdiction, and to create clear and unambiguous exemptions for features that the Administrator of the Environmental Protection Agency or the Secretary of the Army, acting through the Chief of Engineers, claim they are not seeking to regulate.",0
86,3/25/2015,224,Rejected,Warren Amdt. No. 652; To make college more affordable for middle-class families by allowing borrowers with outstanding Federal and private student loans to refinance at the equivalent interest rates that were offered to Federal student loan borrowers during the 2013-2014 school year and to fully offset the cost of such a program by requiring millionaires to pay at least a 30 percent effective Federal tax rate.,0
85,3/24/2015,225,Rejected,Cornyn Amdt. No. 357; To raise taxes and spending by enacting President Obama's fiscal year 2016 budget.,0
84,3/24/2015,226,Rejected,"Motion to Waive All Applicable Budgetary Discipline Re: Wyden Amdt. No. 471; To create a point of order against legislation that would cut benefits, raise the retirement age, or privatize Social Security.",0
83,3/24/2015,227,Agreed to,Hatch Amdt. No. 498; To establish a deficit-neutral reserve fund relating to legislation submitted to Congress by President Obama to protect and strengthen Social Security.,0
82,3/24/2015,228,Rejected,"Mikulski Amdt. No. 362; To establish a deficit-neutral reserve fund relating to amending the Equal Pay Act of 1963 to allow for punitive damages, limit the any factor ""other than sex"" exception, and prohibit retaliation against employees who share salary information.",0
81,3/24/2015,229,Agreed to,"Fischer Amdt. No. 409; To establish a deficit-neutral reserve fund relating to promoting equal pay, which may include preventing discrimination on the basis of sex and preventing retaliation against employees for seeking or discussing wage information.",0
80,3/24/2015,230,Agreed to,Portman Amdt. No. 349; To establish a deficit-neutral reserve fund to improve health outcomes and lower the costs of caring for medically complex children in Medicaid.,0
79,3/24/2015,231,Agreed to,Sanders Amdt. No. 386; To establish a deficit-neutral reserve fund to protect Medicaid beneficiaries from benefit cuts.,0
78,3/24/2015,232,Rejected,Sanders Amdt. No. 323 As Modified; To create millions of middle class jobs by investing in our nation's infrastructure paid for by raising revenue through closing loopholes in the corporate and international tax system.,0
77,3/23/2015,233,Confirmed,"Confirmation of William P. Doyle, of Pennsylvania, to be a Federal Maritime Commissioner",0
76,3/19/2015,234,Rejected,Motion to Invoke Cloture on S.178; A bill to provide justice for the victims of trafficking.,0
75,3/19/2015,235,Rejected,Motion to Invoke Cloture on the Committee Reported Substitute Amdt. to S. 178; A bill to provide justice for the victims of trafficking.,0
74,3/18/2015,236,Rejected,"Upon Reconsideration, Motion to Invoke Cloture on the Committee Reported Substitute Amdt. to S.178; A bill to provide justice for the victims of trafficking.",0
73,3/17/2015,237,Rejected,Motion to Invoke Cloture on S.178; A bill to provide justice for the victims of trafficking.,0
72,3/17/2015,238,Rejected,Motion to Invoke Cloture on the Committee Reported Substitute Amendment to S.178; A bill to provide justice for the victims of trafficking.,0
71,3/16/2015,239,Confirmed,"Confirmation Carlos A. Monje, Jr., of Louisiana, to be an Assistant Secretary of Transportation",0
70,3/12/2015,240,Confirmed,"Confirmation Christopher A. Hart, of Colorado, to be Chairman of the National Transportation Safety Board",0
69,3/9/2015,241,Confirmed,"Confirmation of Daniel Henry Marti, of Virginia, to be Intellectual Property Enforcement Coordinator",0
68,3/4/2015,242,Veto Sustained,"Shall the Bill S.1 Pass, Over the Objections of the President; A bill to approve the Keystone XL Pipeline.",0
67,3/4/2015,243,Passed,"S.J.Res.8; A joint resolution providing for congressional disapproval under chapter 8 of title 5, United States Code, of the rule submitted by the National Labor Relations Board relating to representation case procedures.",0
66,3/3/2015,244,Agreed to,"Motion to Proceed to S.J.Res.8; A joint resolution providing for congressional disapproval under chapter 8 of title 5, United States Code, of the rule submitted by the National Labor Relations Board relating to representation case procedures.",0
65,3/2/2015,245,Agreed to,"Motion to Table the House Message to Accompany H.R. 240; A bill making appropriations for the Department of Homeland Security for the fiscal year ending September 30, 2015, and for other purposes.",0
64,3/2/2015,246,Rejected,"Motion to Invoke Cloture on the Motion to Insist on Senate Amdt., Agree to a Conference, and Authorize Appointment of Conferees Re: H.R. 240; A bill making appropriations for the Department of Homeland Security for the fiscal year ending September 30, 2015, and for other purposes.",0
63,2/27/2015,247,Rejected,Motion to Invoke Cloture on the Motion to Proceed to S.534; A bill to prohibit funds from being used to carry out certain Executive actions related to immigration and for other purposes.,0
62,2/27/2015,248,Passed,"H.R. 240, As Amended; A bill making appropriations for the Department of Homeland Security for the fiscal year ending September 30, 2015, and for other purposes.",0
61,2/27/2015,249,Agreed to,Cochran Amdt. No. 255; Of a perfecting nature.,0
60,2/27/2015,250,Rejected,Motion to Table Amdt. No. 258; Of a perfecting nature.,0
59,2/27/2015,251,Agreed to,"Motion to Invoke Cloture on H.R. 240; A bill making appropriations for the Department of Homeland Security for the fiscal year ending September 30, 2015, and for other purposes.",0
58,2/25/2015,252,Agreed to,"Upon Reconsideration, Motion to Invoke Cloture on the Motion to Proceed to H.R. 240; A bill making appropriations for the Department of Homeland Security for the fiscal year ending September 30, 2015, and for other purposes.",0
57,2/23/2015,253,Rejected,"Motion to Invoke Cloture on the Motion to Proceed to H.R. 240; A bill making appropriations for the Department of Homeland Security for the fiscal year ending September 30, 2015, and for other purposes.",0
56,2/12/2015,254,Confirmed,"Confirmation Ashton B. Carter, of Massachusetts, to be Secretary of Defense",0
55,2/11/2015,255,Passed,"S. 295 As Amended; A bill to amend section 2259 of title 18, United States Code, and for other purposes.",0
54,2/9/2015,256,Confirmed,"Confirmation Michael P. Botticelli, of the District of Columbia, to be Director of National Drug Control Policy",0
53,2/5/2015,257,Rejected,"Motion to Invoke Cloture on the Motion to Proceed to H.R. 240; A bill making appropriations for the Department of Homeland Security for the fiscal year ending September 30, 2015, and for other purposes.",0
52,2/4/2015,258,Rejected,"Upon Reconsideration Motion to Invoke Cloture on the Motion to Proceed to H.R. 240; A bill making appropriations for the Department of Homeland Security for the fiscal year ending September 30, 2015, and for other purposes.",0
51,2/3/2015,259,Rejected,"Motion to Invoke Cloture on the Motion to Proceed to H.R. 240; A bill making appropriations for the Department of Homeland Security for the fiscal year ending September 30, 2015, and for other purposes.",0
50,2/3/2015,260,Passed,"H.R. 203; A bill to direct the Secretary of Veterans Affairs to provide for the conduct of annual evaluations of mental health care and suicide prevention programs of the Department of Veterans Affairs, to require a pilot program on loan repayment for psychiatrists who agree to serve in the Veterans Health Administration of the Department of Veterans Affairs, and for other purposes.",0
49,1/29/2015,261,Passed,S.1 As Amended; A bill to approve the Keystone XL Pipeline.,0
48,1/29/2015,262,Rejected,Markey Amdt. No. 178; To ensure that products derived from tar sands are treated as crude oil for purposes of the Federal excise tax on petroleum.,0
47,1/29/2015,263,Rejected,Markey Amdt. No. 141; To delay the effective date until the President determines that the pipeline will not have certain negative impacts.,0
46,1/29/2015,264,Rejected,Booker Amdt. No. 155; To allow permitting agencies to consider new circumstances and new information.,0
45,1/29/2015,265,Agreed to,Upon Reconsideration Motion to Invoke Cloture on S.1; A bill to approve the Keystone XL Pipeline.,0
44,1/29/2015,266,Rejected,"Udall Amdt. No. 77; To establish a renewable electricity standard, and for other purposes.",0
43,1/29/2015,267,Rejected,Burr Amdt. No. 92 As Modified; To permanently reauthorize the Land and Water Conservation Fund.,0
42,1/29/2015,268,Rejected,Daines Admt. No. 246; To express the sense of Congress that reauthorizing the Land and Water Conservation Fund should be a priority.,0
41,1/28/2015,269,Rejected,Gillibrand Amdt. No. 48; To modify the definition of underground injection.,0
40,1/28/2015,270,Rejected,Heitkamp Amdt. No. 133; To express the sense of Congress that the Internal Revenue Code of 1986 should be amended to extend the credit with respect to facilities producing energy from certain renewable resources.,0
39,1/28/2015,271,Rejected,Murkowski Amdt. No. 166; To release certain wilderness study areas from management for preservation as wilderness.,0
38,1/28/2015,272,Rejected,Coons Amdt. No. 115; To express the sense of Congress regarding climate change and infrastructure.,0
37,1/28/2015,273,Rejected,Daines Amdt. No. 132; To express the sense of Congress regarding the designation of National Monuments.,0
36,1/28/2015,274,Rejected,Whitehouse Amdt. No. 148; To require campaign finance disclosures for certain persons benefitting from tar sands development.,0
35,1/28/2015,275,Rejected,Moran Amdt. No. 73; To delist the lesser prairie-chicken as a threatened species under the Endangered Species Act of 1973.,0
34,1/28/2015,276,Rejected,Cruz Amdt. No 15; To promote economic growth and job creation by increasing exports.,0
33,1/28/2015,277,Rejected,"Sanders Amdt. No. 23; To increase the quantity of solar photovoltaic electricity by providing rebates for the purchase and installation of an additional 10,000,000 photovoltaic systems by 2025.",0
32,1/28/2015,278,Rejected,"Peters Amdt. No. 70; To require that the Administrator of the Pipeline and Hazardous Materials Safety Administration make a certification and submit to Congress the results of a study before the pipeline may be constructed, connected, operated, or maintained.",0
31,1/28/2015,279,Rejected,Cardin Amdt. No. 75; To provide communities that rely on drinking water from a source that may be affected by a tar sands spill from the Keystone XL pipeline an analysis of the potential risks to public health and the environment from a leak or rupture of the pipeline.,0
30,1/26/2015,280,Rejected,Motion to Invoke Cloture on S. 1; A bill to approve the Keystone XL Pipeline.,0
29,1/26/2015,281,Rejected,Motion to Invoke Cloture on the Murkowski Amdt. No. 2; In the nature of a substitute.,0
28,1/22/2015,282,Agreed to,"Motion to Table Reed Amdt. No. 74; To express the sense of the Senate that the Low-Income Home Energy Assistance Program should be funded at not less than $4,700,000,000 annually.",0
27,1/22/2015,283,Agreed to,Motion to Table Leahy Amdt. No. 30; To strike a provision relating to judicial review.,0
26,1/22/2015,284,Agreed to,Motion to Table Whitehouse Amdt. No. 28; To require campaign finance disclosures for certain persons benefitting from tar sands development.,0
25,1/22/2015,285,Agreed to,Motion to Table Carper Amdt. No. 121; To impose a fee of 8 cents per barrel on oil transported through the pipeline.,0
24,1/22/2015,286,Agreed to,Motion to Table Markey Amdt. No. 25; To ensure that products derived from tar sands are treated as crude oil for purposes of the Federal excise tax on petroleum.,0
23,1/22/2015,287,Agreed to,Motion to Instruct the Sgt. at Arms; A bill to approve the Keystone XL Pipeline.,0
22,1/22/2015,288,Rejected,Menendez Amdt. No. 72 As Modified; To ensure private property cannot be seized through condemnation or eminent domain for the private gain of a foreign-owned business entity.,0
21,1/22/2015,289,Agreed to,Cornyn Amdt. No. 126 As Modified; To ensure private property is protected as guaranteed by the United States Constitution.,0
20,1/22/2015,290,Rejected,"Blunt Amdt. No. 78 As Modified; To express the sense of the Senate regarding the conditions for the President entering into bilateral or other international agreements regarding greenhouse gas emissions without proper study of any adverse economic effects, including job losses and harm to the industrial sector, and without the approval of the Senate.",0
19,1/22/2015,291,Rejected,Wyden Amdt. No. 27; To amend the Internal Revenue Code of 1986 to clarify that products derived from tar sands are crude oil for purposes of the Federal excise tax on petroleum.,0
18,1/22/2015,292,Agreed to,Murkowski Amdt. No. 123; To express the sense of the Senate that all forms of unrefined and unprocessed petroleum should be subject to the nominal per-barrel excise tax associated with the Oil Spill Liability Trust Fund.,0
17,1/22/2015,293,Rejected,Lee Amdt. No. 71; To require a procedure for issuing permits to drill.,0
16,1/22/2015,294,Agreed to,Motion to Table Sanders Amdt. No. 24; To express the sense of Congress regarding climate change.,0
15,1/22/2015,295,Agreed to,Motion to Table Manchin Amdt. No. 99; To express the sense of Congress regarding climate change.,0
14,1/22/2015,296,Rejected,"Fischer Amdt. No. 18, As Modified; To provide limits on the designation of new federally protected land.",0
13,1/22/2015,297,Rejected,Boxer Amdt. No. 113; To express the sense of Congress regarding federally protected land.,0
12,1/21/2015,298,Rejected,Schatz Amdt. No. 58; To express the sense of Congress regarding climate change.,0
11,1/21/2015,299,Rejected,"Hoeven Amdt. No. 87, As Modified; To express the sense of Congress regarding climate change.",0
10,1/21/2015,300,Agreed to,Whitehouse Amdt. No. 29; To express the sense of the Senate that climate change is real and not a hoax.,0
9,1/21/2015,301,Rejected,"Toomey Amdt. No. 41; To continue cleaning up fields and streams while protecting neighborhoods, generating affordable energy, and creating jobs.",0
8,1/21/2015,302,Rejected,Durbin Amdt. No. 69; To ensure that the storage and transportation of petroleum coke is regulated in a manner that ensures the protection of public and ecological health.,0
7,1/21/2015,303,Rejected,Lee Amdt. No. 33; To conform citizen suits under the Endangered Species Act of 1973.,0
6,1/20/2015,304,Agreed to,Portman Amdt. No. 3 As Modified; To promote energy efficiency.,0
5,1/20/2015,305,Agreed to,"Motion to Table Franken Amdt. No. 17; To require the use of iron, steel, and manufactured goods produced in the United States in the construction of the Keystone XL Pipeline and facilities.",0
4,1/20/2015,306,Agreed to,Motion to Table Markey Amdt. No. 13; To ensure that oil transported through the Keystone XL pipeline into the United States is used to reduce United States dependence on Middle Eastern oil.,0
3,1/12/2015,307,Agreed to,Motion to Invoke Cloture on the Motion to Proceed to S.1; A bill to approve the Keystone XL Pipeline.,0
2,1/8/2015,308,Passed,"H.R. 26; A bill to extend the termination date of the Terrorism Insurance Program established under the Terrorism Risk Insurance Act of 2002, and for other purposes.",0
1,1/8/2015,309,Rejected,Warren Amdt. No. 1; In the nature of a substitute.,0